<?xml version="1.0" encoding="UTF-8"?>
<!DOCTYPE bindings PUBLIC "-//NetBeans//DTD Editor KeyBindings settings 1.1//EN" "http://www.netbeans.org/dtds/EditorKeyBindings-1_1.dtd">
<bindings>
    <bind actionName="remove-line" key="D-D"/>
    <bind key="SD-C" remove="true"/>
    <bind key="SO-COMMA" remove="true"/>
    <bind key="S-F10" remove="true"/>
    <bind key="D-SLASH" remove="true"/>
    <bind key="S-SPACE" remove="true"/>
    <bind key="SO-PERIOD" remove="true"/>
    <bind key="D-E" remove="true"/>
    <bind key="D-R" remove="true"/>
</bindings>
